drop schema if exists library;

create schema if not exists library;

use library;

create table position_status
(
    id           tinyint primary key auto_increment,
    name         varchar(40) not null,
    picture_link varchar(40)
);

insert position_status (id, name)
values (1, 'non-existent');
insert position_status (id, name)
values (2, 'ready');
insert position_status (id, name)
values (4, 'sold');
insert position_status (id, name)
values (3, 'reserved');
insert position_status (id, name)
values (5, 'transfer');

create table user_status
(
    id   tinyint primary key,
    name varchar(40) not null
);

insert user_status (id, name)
values (0, 'non-existent');
insert user_status (id, name)
values (1, 'disabled');
insert user_status (id, name)
values (2, 'buyer');
insert user_status (id, name)
values (3, 'seller');
insert user_status (id, name)
values (4, 'admin');
insert user_status (id, name)
values (5, 'courier');

create table users
(
    id         int primary key auto_increment,
    first_name varchar(40) not null,
    last_name  varchar(40) not null,
    login      varchar(10) not null,
    password   int(10)     not null,
    adress     varchar(40) not null,
    photo_link varchar(40),
    status     tinyint
);

create index id_index on users (id);
create index lastname_index on users (last_name);

create table user_actions
(
    id             int primary key auto_increment not null,
    id_admin       int                            not null,
    id_user        int                            not null,
    date_time      datetime,
    initial_status tinyint                        not null,
    final_status   tinyint                        not null,

    foreign key (id_user) references users (id),
    foreign key (id_admin) references users (id),
    foreign key (initial_status) references user_status (id),
    foreign key (final_status) references user_status (id)
);

create index id_index on user_actions (id);
create index user_index on user_actions (id_user);
create index admin_index on user_actions (id_admin);

create table authors
(
    id         int primary key auto_increment,
    first_name varchar(40),
    last_name  varchar(40) not null

);

create index id_index on authors (id);

create table books
(
    id          int primary key auto_increment,
    title       varchar(40) not null,
    author_id   int         not null,
    price       float,
    description text,
    foreign key (author_id) references authors (id)
);

create index id_index on books (id);
create index title_index on books (title);
create index author_index on books (author_id);
create index price_index on books (price);

create table shops
(
    id       int primary key auto_increment not null,
    name     varchar(40)                    not null,
    adress   varchar(40),
    position varchar(40)
);

create index id_index on shops (id);

create table positions
(
    id       int primary key auto_increment,
    book_id  int,
    shop_id  int,
    status   tinyint not null,
    note     text,
    quantity int     not null default 1,
    foreign key (status) references position_status (id),
    foreign key (shop_id) references shops (id),
    foreign key (book_id) references books (id)
);

create index id_index on positions (id);
create index book_index on positions (book_id);
create index shop_index on positions (shop_id);

create table book_actions
(
    id             int primary key auto_increment not null,
    book_id        int                            not null,
    buyer_id        int,
    seller_id   int                            not null,
    date_time      datetime,
    quantity       int                            not null default 1,
    initial_status tinyint                        not null,
    final_status   tinyint                        not null,
    shop_id        int                            not null,


    foreign key (initial_status) references position_status (id),
    foreign key (final_status) references position_status (id),
    foreign key (book_id) references books (id),
    foreign key (buyer_id) references users (id),
    foreign key (seller_id) references users (id)
);

create index id_index on book_actions (id);
create index book_index on book_actions (book_id);
create index librarian_index on book_actions (seller_id);
create index reader_index on book_actions (buyer_id);

#views
#all books in stock
drop view if exists books_in_stock;
create view books_in_stock as
select books.title, books.price, sum(positions.quantity), shops.name as shop_name
from books
         join positions on books.id = positions.book_id
         join shops on positions.shop_id = shops.id
where positions.status = 2
group by books.id, shops.id;


drop view if exists total_price;
create view total_price as
select   sum(positions.quantity * b.price) as total_sum from positions
                                                                 join books b on positions.book_id = b.id;

drop view if exists total_price_by_shop;
create view total_price_by_shop as
select shops.name, sum(positions.quantity * b.price) as total_sum
from positions
         join books b on positions.book_id = b.id
         join shops on positions.shop_id = shops.id
group by shops.id;


drop view if exists books_by_reader;
create view books_by_reader as
select users.first_name,
       users.last_name,
       books.title,
       authors.first_name as authors_first_name,
       authors.last_name  as authors_last_name,
       ps.name
from book_actions
         join books on book_actions.book_id = books.id
         join users on book_actions.buyer_id = users.id
         join authors on books.author_id = authors.id
         join position_status ps on book_actions.final_status = ps.id
group by users.id;

#root admin, do not change!
insert users(id, first_name, last_name, login, password, adress, status)
values (1, 'Yury', 'Zmushko', 'root', 1234567890, #change to hash
        'unknown', 4);

#populating tables
insert users(id, first_name, last_name, login, password, adress, status)
values (2, 'Ivan', 'Ivanoy', 'IIvanoy', 1234567890, #change to hash
        'Dom Ivanovyh', 3);
insert user_actions(id_admin, id_user, date_time, initial_status, final_status)
VALUES (1, 2, '2020_10_27 09:20:11', 0, 3);

insert users(id, first_name, last_name, login, password, adress, status)
values (3, 'Petr', 'Petroy', 'PPetroy', 1234567890, #change to hash
        'Dom Petrovyh', 3);
insert user_actions(id_admin, id_user, date_time, initial_status, final_status)
VALUES (1, 3, '2020_10_27 09:20:11', 0, 3);

insert users(id, first_name, last_name, login, password, adress, status)
values (4, 'Sidor ', 'Sidorov', 'SSidorov', 1234567890, #change to hash
        'Dom Sidorovyh', 2);
insert user_actions(id_admin, id_user, date_time, initial_status, final_status)
VALUES (1, 4, '2020_10_27 09:20:11', 0, 2);

insert users(id, first_name, last_name, login, password, adress, status)
values (5, 'Morozov ', 'Igor', 'IMorozov', 1234567890, #change to hash
        'Dom Morozovyh', 2);
insert user_actions(id_admin, id_user, date_time, initial_status, final_status)
VALUES (1, 5, '2020_10_27 09:20:11', 0, 2);

insert authors (id, first_name, last_name)
VALUES (2, 'George', 'Martin');
insert authors (id, first_name, last_name)
VALUES (1, null, 'The Church');

insert shops(id, name, adress, position)
values (1, 'Na Grushevke', 'Dzerzhynskogo prospekt, 15', '');

insert shops(id, name, adress, position)
values (2, 'Na Malinovke', 'Dzerzhynskogo prospekt, 130', '');

insert books(id, title, author_id, price, description)
VALUES (1, 'Holy bible', 1, 26, null);

insert positions(id, book_id, shop_id, status, note, quantity)
VALUES (1, 1, 1, 2, null, 1);

insert book_actions(book_id, buyer_id, seller_id, date_time, initial_status, final_status, shop_id, quantity)
values (1, null, 2, '2020_11_10 09:10:11', 1, 2, 1, 1);

insert books(id, title, author_id, price, description)
VALUES (2, 'Game of thrones', 2, 54, null);

insert positions(id, book_id, shop_id, status, note, quantity)
values (2, 2, 1, 2, null, 1);
insert book_actions(book_id, buyer_id, seller_id, date_time, initial_status, final_status, shop_id, quantity)
values (2, null, 2, '2020_11_10 09:20:11', 1, 2, 1, 1);
insert positions(id, book_id, shop_id, status, note, quantity)
values (3, 2, 1, 2, null, 3);
insert book_actions(book_id, buyer_id, seller_id, date_time, initial_status, final_status, shop_id, quantity)
values (2, null, 2, '2020_11_10 09:20:11', 1, 2, 1, 3);
insert positions(id, book_id, shop_id, status, note, quantity)
values (4, 1, 2, 2, null, 2);
insert book_actions(book_id, buyer_id, seller_id, date_time, initial_status, final_status, shop_id, quantity)
values (1, null, 3, '2020_11_10 09:30:11', 1, 2, 2, 2);


insert book_actions(book_id, buyer_id, seller_id, date_time, initial_status, final_status, shop_id, quantity)
values (1, 4, 3, '2020_11_10 09:30:11', 2, 4, 2, 1);
insert book_actions(book_id, buyer_id, seller_id, date_time, initial_status, final_status, shop_id, quantity)
values (2, 5, 3, '2020_11_10 09:30:11', 2, 3, 1, 1);